'713793753',' nos Zapata Soporte De Pinza Micrófono Escopeta Para 265','207455497','489','MXN','0','gold_special','new','https://articulo.mercadolibre.com.mx/MLM-713793753--nos-zapata-soporte-de-pinza-microfono-escopeta-para-265-_JM','http://mlm-s2-p.mlstatic.com/949106-MLM32046498437_092019-I.jpg','true','me2','1M1R2PTMLM10574','2020/11/20 10:58:53.524'
'775628903','versión Actualizada Soporte Vertical Para Portátil. Boyata','268578266','1274.3','MXN','0','gold_pro','new','https://articulo.mercadolibre.com.mx/MLM-775628903-version-actualizada-soporte-vertical-para-portatil-boyata-_JM','http://mlm-s2-p.mlstatic.com/740616-MLM41792593638_052020-I.jpg','true','me1','2TIAMTRMLM10574','2020/11/20 10:58:53.524'
'818280090','versión Dock Actualizada Soporte Vertical Para Portátil. O','268578266','1545.88','MXN','0','gold_pro','new','https://articulo.mercadolibre.com.mx/MLM-818280090-version-dock-actualizada-soporte-vertical-para-portatil-o-_JM','http://mlm-s1-p.mlstatic.com/698609-MLM41792588807_052020-I.jpg','true','me1','9B3DAGCMLM10574','2020/11/20 10:58:53.524'
'818279990','3 M Easy Adjust Soporte De Escritorio Dual Monitor Brazo. Aj','268578266','13348.89','MXN','0','gold_pro','new','https://articulo.mercadolibre.com.mx/MLM-818279990-3-m-easy-adjust-soporte-de-escritorio-dual-monitor-brazo-aj-_JM','http://mlm-s1-p.mlstatic.com/609526-MLM41792594118_052020-I.jpg','true','me1','ABAMAISMMLM10574','2020/11/20 10:58:53.524'
'821404186','3 Portapápices Antishortsight De Silicona Soporte Para Lápic','547267197','228.52','MXN','0','gold_pro','new','https://articulo.mercadolibre.com.mx/MLM-821404186-3-portapapices-antishortsight-de-silicona-soporte-para-lapic-_JM','http://mlm-s1-p.mlstatic.com/979035-CBT43563897531_092020-I.jpg','true','me2','AMPGTBA9AS4MLM10574','2020/11/20 10:58:53.524'
'775631764','Allsop Metal Art Ergotwin 31883  Soporte Para Monitor Doble','268578266','3655.8','MXN','0','gold_pro','new','https://articulo.mercadolibre.com.mx/MLM-775631764-allsop-metal-art-ergotwin-31883-soporte-para-monitor-doble-_JM','http://mlm-s1-p.mlstatic.com/999861-MLM41792586738_052020-I.jpg','true','me1','ATLF1H2PIMLM10574','2020/11/20 10:58:53.524'
'729655220','Altavoz De Mano Qsc K8tote Serie K Bolsas Y Fundas','268578266','3655.84','MXN','0','gold_pro','new','https://articulo.mercadolibre.com.mx/MLM-729655220-altavoz-de-mano-qsc-k8tote-serie-k-bolsas-y-fundas-_JM','http://mlm-s1-p.mlstatic.com/642163-MLM32600212880_102019-I.jpg','true','me1','BTLR1PULTLMLM10574','2020/11/20 10:58:53.524'
'818280070','Aluratek  Soporte Universal Plegable Para Portátil 10 Unid','268578266','5180.79','MXN','0','gold_pro','new','https://articulo.mercadolibre.com.mx/MLM-818280070-aluratek-soporte-universal-plegable-para-portatil-10-unid-_JM','http://mlm-s1-p.mlstatic.com/827065-MLM41792589894_052020-I.jpg','true','me1','BMD6CPLVMLM10574','2020/11/20 10:58:53.524'
'826066023','Anillo De Toalla De Cromo Negro','535045773','685.82','MXN','0','gold_pro','new','https://articulo.mercadolibre.com.mx/MLM-826066023-anillo-de-toalla-de-cromo-negro-_JM','http://mlm-s2-p.mlstatic.com/987646-CBT43686438716_102020-I.jpg','true','me1','CAMDASMLM10574','2020/11/20 10:58:53.524'
'738446109','Apple Plataforma De Soporte Para Tv','429992949','332.79','MXN','0','gold_pro','new','https://articulo.mercadolibre.com.mx/MLM-738446109-apple-plataforma-de-soporte-para-tv-_JM','http://mlm-s2-p.mlstatic.com/606953-MLM32901630242_112019-I.jpg','true','me1','CALNRMLM10574','2020/11/20 10:58:53.524'
'818277163','Autoexec Aesgrip03 Elite Birch Gripmaster  Escritorio Para','268578266','11468.76','MXN','0','gold_pro','new','https://articulo.mercadolibre.com.mx/MLM-818277163-autoexec-aesgrip-03-elite-birch-gripmaster-escritorio-para-_JM','http://mlm-s2-p.mlstatic.com/964562-MLM41792584251_052020-I.jpg','false','me1','CLANHMMLM10574','2020/11/20 10:58:53.524'
'739368961','Bandeja Para Trípode 29 X 39 Cm trípode No Incluido','337696835','1341.6','MXN','1','gold_pro','new','https://articulo.mercadolibre.com.mx/MLM-739368961-bandeja-para-tripode-29-x-39-cm-tripode-no-incluido-_JM','http://mlm-s2-p.mlstatic.com/994780-MLM43395647331_092020-I.jpg','true','me1','CTAL66ITMLM10574','2020/11/20 10:58:53.524'
'829778062','Barra De Toalla De Una Barra','535045773','606.22','MXN','0','gold_pro','new','https://articulo.mercadolibre.com.mx/MLM-829778062-barra-de-toalla-de-una-barra-_JM','http://mlm-s1-p.mlstatic.com/920637-CBT43795721837_102020-I.jpg','true','me1','DDPDLVAMLM10574','2020/11/20 10:58:53.524'
'595650779','Base Para Micrófono Con Boom Ajustable Quiklok A346','222492148','1049','MXN','0','gold_pro','new','https://articulo.mercadolibre.com.mx/MLM-595650779-base-para-microfono-con-boom-ajustable-quiklok-a346-_JM','http://mlm-s2-p.mlstatic.com/780178-MLM25999404780_092017-I.jpg','true','me2','DRSATBA6SMLM10574','2020/11/20 10:58:53.524'
'775631710','Bestand  Soporte Vertical Para Portátil aluminio. Compatib','268578266','1441.43','MXN','0','gold_pro','new','https://articulo.mercadolibre.com.mx/MLM-775631710-bestand-soporte-vertical-para-portatil-aluminio-compatib-_JM','http://mlm-s1-p.mlstatic.com/917352-MLM41792588462_052020-I.jpg','true','me1','DLPIPLMLM10574','2020/11/20 10:58:53.524'
'775631993','Brazo De Monitor Doble Giratorio De 3m ma140mb','268578266','4658.53','MXN','0','gold_pro','new','https://articulo.mercadolibre.com.mx/MLM-775631993-brazo-de-monitor-doble-giratorio-de-3m-ma140mb-_JM','http://mlm-s2-p.mlstatic.com/932791-MLM41792592353_052020-I.jpg','true','me1','DDTPL3MLM10574','2020/11/20 10:58:53.524'
'775628548','Calico Designs 51201  Carro Para Ordenador Portátil Con Ban','268578266','4734.3','MXN','1','gold_pro','new','https://articulo.mercadolibre.com.mx/MLM-775628548-calico-designs-51201-carro-para-ordenador-portatil-con-ban-_JM','http://mlm-s1-p.mlstatic.com/669815-MLM41792586723_052020-I.jpg','false','me1','EU3HTCVJGMLM10574','2020/11/20 10:58:53.524'
'698500771','Clovertale Yi Home Camera Soporte De Montaje En Pared Para L','268578266','856.51','MXN','0','gold_pro','new','https://articulo.mercadolibre.com.mx/MLM-698500771-clovertale-yi-home-camera-soporte-de-montaje-en-pared-para-l-_JM','http://mlm-s2-p.mlstatic.com/900171-MLM31430802121_072019-I.jpg','true','me1','HMXSA9TBSCQMLM10574','2020/11/20 10:58:53.524'
'833830547','Colgador De Barra De Toalla Montado En La Pared','341930356','987.88','MXN','0','gold_pro','new','https://articulo.mercadolibre.com.mx/MLM-833830547-colgador-de-barra-de-toalla-montado-en-la-pared-_JM','http://mlm-s2-p.mlstatic.com/887702-CBT43951696594_102020-I.jpg','true','me1','HMXSA9TBSCQMLM10574','2020/11/20 10:58:53.524'
'833716373','Colgador De Barra De Toalla Montado En La Pared','252402051','987.88','MXN','0','gold_pro','new','https://articulo.mercadolibre.com.mx/MLM-833716373-colgador-de-barra-de-toalla-montado-en-la-pared-_JM','http://mlm-s2-p.mlstatic.com/874264-CBT43948769893_102020-I.jpg','true','me1','HMALDCEMLM10574','2020/11/20 10:58:53.524'
'833733649','Colgador De Barra De Toalla Montado En La Pared','429992949','987.88','MXN','0','gold_pro','new','https://articulo.mercadolibre.com.mx/MLM-833733649-colgador-de-barra-de-toalla-montado-en-la-pared-_JM','http://mlm-s2-p.mlstatic.com/835171-CBT43948947885_102020-I.jpg','true','me1','LST4FHMLM10574','2020/11/20 10:58:53.524'
'833742226','Colgador De Barra De Toalla Montado En La Pared','535045773','987.88','MXN','0','gold_pro','new','https://articulo.mercadolibre.com.mx/MLM-833742226-colgador-de-barra-de-toalla-montado-en-la-pared-_JM','http://mlm-s1-p.mlstatic.com/961366-CBT43949079098_102020-I.jpg','true','me1','LST4GMVKMLM10574','2020/11/20 10:58:53.524'
'839730426','Colgador De Exhibición De Toalla De Mano','429992949','957.58','MXN','0','gold_pro','new','https://articulo.mercadolibre.com.mx/MLM-839730426-colgador-de-exhibicion-de-toalla-de-mano-_JM','http://mlm-s1-p.mlstatic.com/819786-CBT44083224806_112020-I.jpg','true','me1','LTFH4PMLM10574','2020/11/20 10:58:53.524'
'839753222','Colgador De Exhibición De Toalla De Mano','429992949','1616.01','MXN','0','gold_pro','new','https://articulo.mercadolibre.com.mx/MLM-839753222-colgador-de-exhibicion-de-toalla-de-mano-_JM','http://mlm-s1-p.mlstatic.com/828994-CBT44084077664_112020-I.jpg','true','me1','LTLFH4MLM10574','2020/11/20 10:58:53.524'
'839753200','Colgador De Exhibición De Toalla De Mano','535045773','1094.4','MXN','0','gold_pro','new','https://articulo.mercadolibre.com.mx/MLM-839753200-colgador-de-exhibicion-de-toalla-de-mano-_JM','http://mlm-s1-p.mlstatic.com/710842-CBT44084075694_112020-I.jpg','true','me1','LKRLT33PMLM10574','2020/11/20 10:58:53.524'
'839753373','Colgador De Exhibición De Toalla De Mano','535045773','957.58','MXN','0','gold_pro','new','https://articulo.mercadolibre.com.mx/MLM-839753373-colgador-de-exhibicion-de-toalla-de-mano-_JM','http://mlm-s2-p.mlstatic.com/648987-CBT44084083340_112020-I.jpg','true','me1','MNPSA9TBASUMLM10574','2020/11/20 10:58:53.524'
'839535130','Colgador De Exhibición De Toalla De Mano','535045773','601.2','MXN','0','gold_pro','new','https://articulo.mercadolibre.com.mx/MLM-839535130-colgador-de-exhibicion-de-toalla-de-mano-_JM','http://mlm-s1-p.mlstatic.com/769957-CBT44076592822_112020-I.jpg','true','me1','MDIRSTTMLM10574','2020/11/20 10:58:53.524'
'839535131','Colgador De Exhibición De Toalla De Mano','535045773','744.92','MXN','0','gold_pro','new','https://articulo.mercadolibre.com.mx/MLM-839535131-colgador-de-exhibicion-de-toalla-de-mano-_JM','http://mlm-s2-p.mlstatic.com/874607-CBT44076593147_112020-I.jpg','true','me1','MDUISMLM10574','2020/11/20 10:58:53.524'
'839753372','Colgador De Exhibición De Toalla De Mano','535045773','2153.29','MXN','0','gold_pro','new','https://articulo.mercadolibre.com.mx/MLM-839753372-colgador-de-exhibicion-de-toalla-de-mano-_JM','http://mlm-s1-p.mlstatic.com/981283-CBT44084083327_112020-I.jpg','true','me1','MKCSA1TBU4MMLM10574','2020/11/20 10:58:53.524'
'839763746','Colgador De Exhibición De Toalla De Mano','535045773','1616.01','MXN','0','gold_pro','new','https://articulo.mercadolibre.com.mx/MLM-839763746-colgador-de-exhibicion-de-toalla-de-mano-_JM','http://mlm-s1-p.mlstatic.com/903640-CBT44084606187_112020-I.jpg','true','me1','MACVCARCVMLM10574','2020/11/20 10:58:53.524'
'833730563','Colgador De Riel De Toalla Montado En La Pared','341930356','589.72','MXN','0','gold_pro','new','https://articulo.mercadolibre.com.mx/MLM-833730563-colgador-de-riel-de-toalla-montado-en-la-pared-_JM','http://mlm-s2-p.mlstatic.com/990060-CBT43948851643_102020-I.jpg','true','me1','MPDU2TSDDFMLM10574','2020/11/20 10:58:53.524'
'833804861','Colgador De Riel De Toalla Montado En La Pared','252402051','589.72','MXN','0','gold_pro','new','https://articulo.mercadolibre.com.mx/MLM-833804861-colgador-de-riel-de-toalla-montado-en-la-pared-_JM','http://mlm-s2-p.mlstatic.com/868717-CBT43950120156_102020-I.jpg','true','me1','MGRIPW1MLM10574','2020/11/20 10:58:53.524'
'833733601','Colgador De Riel De Toalla Montado En La Pared','429992949','589.72','MXN','0','gold_pro','new','https://articulo.mercadolibre.com.mx/MLM-833733601-colgador-de-riel-de-toalla-montado-en-la-pared-_JM','http://mlm-s2-p.mlstatic.com/727073-CBT43948947581_102020-I.jpg','true','me1','MPSTBA9AHU4MMLM10574','2020/11/20 10:58:53.524'
'833870949','Colgador De Riel De Toalla Montado En La Pared','535045773','589.72','MXN','0','gold_pro','new','https://articulo.mercadolibre.com.mx/MLM-833870949-colgador-de-riel-de-toalla-montado-en-la-pared-_JM','http://mlm-s2-p.mlstatic.com/619283-CBT43954077901_102020-I.jpg','true','me1','MPSTBA9AHU4MMLM10574','2020/11/20 10:58:53.524'
'838824749','Colgador De Toalla De Mano','535045773','1506.81','MXN','0','gold_pro','new','https://articulo.mercadolibre.com.mx/MLM-838824749-colgador-de-toalla-de-mano-_JM','http://mlm-s2-p.mlstatic.com/791468-CBT43630757895_092020-I.jpg','true','me1','MPSTBA9AHU4MMLM10574','2020/11/20 10:58:53.524'
'840046742','Colgador De Toalla De Mano','535045773','1314.84','MXN','0','gold_pro','new','https://articulo.mercadolibre.com.mx/MLM-840046742-colgador-de-toalla-de-mano-_JM','http://mlm-s1-p.mlstatic.com/717052-CBT44090100224_112020-I.jpg','true','me1','P44PNGMLM10574','2020/11/20 10:58:53.524'
'729654426','Cubierta Del Altavoz Al Aire Libre Qsc K8odcov Serie K','268578266','2653.09','MXN','0','gold_pro','new','https://articulo.mercadolibre.com.mx/MLM-729654426-cubierta-del-altavoz-al-aire-libre-qsc-k8odcov-serie-k-_JM','http://mlm-s1-p.mlstatic.com/768407-MLM32600173901_102019-I.jpg','true','me1','PDHT2SMLM10574','2020/11/20 10:58:53.524'
'811626091','Divisor De Acrílico Salón De Uñas Escritorio De Mesa De','341930356','1123.04','MXN','0','gold_pro','new','https://articulo.mercadolibre.com.mx/MLM-811626091-divisor-de-acrilico-salon-de-unas-escritorio-de-mesa-de-_JM','http://mlm-s2-p.mlstatic.com/717314-CBT43327906837_092020-I.jpg','true','me1','PDDRAIXEMLM10574','2020/11/20 10:58:53.524'
'811627140','Divisor De Acrílico Salón De Uñas Escritorio De Mesa De','252402051','1123.04','MXN','0','gold_pro','new','https://articulo.mercadolibre.com.mx/MLM-811627140-divisor-de-acrilico-salon-de-unas-escritorio-de-mesa-de-_JM','http://mlm-s1-p.mlstatic.com/672982-CBT43327842044_092020-I.jpg','true','me1','PH3NBMLM10574','2020/11/20 10:58:53.524'
'811631069','Divisor De Acrílico Salón De Uñas Escritorio De Mesa De','429992949','1123.04','MXN','0','gold_pro','new','https://articulo.mercadolibre.com.mx/MLM-811631069-divisor-de-acrilico-salon-de-unas-escritorio-de-mesa-de-_JM','http://mlm-s2-p.mlstatic.com/952093-CBT43327905728_092020-I.jpg','true','me1','PLG4AEH3MLM10574','2020/11/20 10:58:53.524'
'835437581','Estante De Almacenamiento En La Pared','341930356','860.25','MXN','0','gold_pro','new','https://articulo.mercadolibre.com.mx/MLM-835437581-estante-de-almacenamiento-en-la-pared-_JM','http://mlm-s2-p.mlstatic.com/616012-CBT43988866436_112020-I.jpg','true','me1','PSNAAAMLM10574','2020/11/20 10:58:53.524'
'835284769','Estante De Almacenamiento En La Pared','252402051','860.25','MXN','0','gold_pro','new','https://articulo.mercadolibre.com.mx/MLM-835284769-estante-de-almacenamiento-en-la-pared-_JM','http://mlm-s2-p.mlstatic.com/752614-CBT43986198106_112020-I.jpg','true','me1','PSTSAMVAMLM10574','2020/11/20 10:58:53.524'
'835280572','Estante De Almacenamiento En La Pared','429992949','860.25','MXN','0','gold_pro','new','https://articulo.mercadolibre.com.mx/MLM-835280572-estante-de-almacenamiento-en-la-pared-_JM','http://mlm-s1-p.mlstatic.com/925526-CBT43986170478_112020-I.jpg','true','me1','P4STNMLM10574','2020/11/20 10:58:53.524'
'835380915','Estante De Almacenamiento En La Pared','535045773','860.25','MXN','0','gold_pro','new','https://articulo.mercadolibre.com.mx/MLM-835380915-estante-de-almacenamiento-en-la-pared-_JM','http://mlm-s2-p.mlstatic.com/999888-CBT43987244628_112020-I.jpg','true','me1','PMTCIUCAMLM10574','2020/11/20 10:58:53.524'
'839585895','Estante De Exhibición De Toalla De Mano','535045773','963.84','MXN','0','gold_pro','new','https://articulo.mercadolibre.com.mx/MLM-839585895-estante-de-exhibicion-de-toalla-de-mano-_JM','http://mlm-s2-p.mlstatic.com/929549-CBT44078118567_112020-I.jpg','true','me1','PTTBAALMBIMLM10574','2020/11/20 10:58:53.524'
'832840864','Estante De Exhibición De Toalla De Mano 16cm','535045773','515.57','MXN','0','gold_pro','new','https://articulo.mercadolibre.com.mx/MLM-832840864-estante-de-exhibicion-de-toalla-de-mano-16cm-_JM','http://mlm-s1-p.mlstatic.com/954945-CBT43912776434_102020-I.jpg','true','me1','PVF1L5G2MLM10574','2020/11/20 10:58:53.524'
'832844644','Estante De Exhibición De Toalla De Mano 26cm','535045773','606.22','MXN','0','gold_pro','new','https://articulo.mercadolibre.com.mx/MLM-832844644-estante-de-exhibicion-de-toalla-de-mano-26cm-_JM','http://mlm-s1-p.mlstatic.com/661967-CBT43912767954_102020-I.jpg','true','me1','PVF1L5G2MLM10574','2020/11/20 10:58:53.524'
'832844643','Estante De Exhibición De Toalla De Mano 57cm','535045773','1015.24','MXN','0','gold_pro','new','https://articulo.mercadolibre.com.mx/MLM-832844643-estante-de-exhibicion-de-toalla-de-mano-57cm-_JM','http://mlm-s2-p.mlstatic.com/714077-CBT43912778164_102020-I.jpg','true','me1','PDVSRAOOMLM10574','2020/11/20 10:58:53.524'
'829779205','Estante De La Toalla De La Sola Barra','341930356','967.83','MXN','0','gold_pro','new','https://articulo.mercadolibre.com.mx/MLM-829779205-estante-de-la-toalla-de-la-sola-barra-_JM','http://mlm-s2-p.mlstatic.com/931061-CBT43795700863_102020-I.jpg','true','me1','PP376DLHTMLM10574','2020/11/20 10:58:53.524'
'829807743','Estante De La Toalla De La Sola Barra','535045773','967.83','MXN','0','gold_pro','new','https://articulo.mercadolibre.com.mx/MLM-829807743-estante-de-la-toalla-de-la-sola-barra-_JM','http://mlm-s2-p.mlstatic.com/948061-CBT43796610658_102020-I.jpg','true','me1','PMSRLIMLM10574','2020/11/20 10:58:53.524'
'836430995','Estante De La Toalla Del Estilo De La Parte Posterior De La','535045773','395.74','MXN','0','gold_pro','new','https://articulo.mercadolibre.com.mx/MLM-836430995-estante-de-la-toalla-del-estilo-de-la-parte-posterior-de-la-_JM','http://mlm-s2-p.mlstatic.com/769692-CBT44008249721_112020-I.jpg','true','me1','P1P1LTUHTMMLM10574','2020/11/20 10:58:53.524'
'829807742','Estante De Toalla Montado En La Pared','535045773','1271.97','MXN','0','gold_pro','new','https://articulo.mercadolibre.com.mx/MLM-829807742-estante-de-toalla-montado-en-la-pared-_JM','http://mlm-s1-p.mlstatic.com/797720-CBT43796610646_102020-I.jpg','true','me1','PTL11PUHTAMLM10574','2020/11/20 10:58:53.524'
'830256551','Estante De Toalla Montado En La Pared  1','341930356','270.95','MXN','0','gold_pro','new','https://articulo.mercadolibre.com.mx/MLM-830256551-estante-de-toalla-montado-en-la-pared-1-_JM','http://mlm-s2-p.mlstatic.com/666854-CBT43808922924_102020-I.jpg','true','me1','PSTBA9AH26MLM10574','2020/11/20 10:58:53.524'
'830178156','Estante De Toalla Montado En La Pared  1','252402051','270.95','MXN','0','gold_pro','new','https://articulo.mercadolibre.com.mx/MLM-830178156-estante-de-toalla-montado-en-la-pared-1-_JM','http://mlm-s1-p.mlstatic.com/978438-CBT43806367488_102020-I.jpg','true','me1','RMDOTLPSTMLM10574','2020/11/20 10:58:53.524'
'830259851','Estante De Toalla Montado En La Pared  1','429992949','270.95','MXN','0','gold_pro','new','https://articulo.mercadolibre.com.mx/MLM-830259851-estante-de-toalla-montado-en-la-pared-1-_JM','http://mlm-s2-p.mlstatic.com/711211-CBT43808780814_102020-I.jpg','true','me1','SPTLMP116BMLM10574','2020/11/20 10:58:53.524'
'830263129','Estante De Toalla Montado En La Pared  1','535045773','270.95','MXN','0','gold_pro','new','https://articulo.mercadolibre.com.mx/MLM-830263129-estante-de-toalla-montado-en-la-pared-1-_JM','http://mlm-s2-p.mlstatic.com/950836-CBT43808699480_102020-I.jpg','true','me1','SST54NMLM10574','2020/11/20 10:58:53.524'
'830260267','Estante De Toalla Montado En La Pared  2','341930356','347.61','MXN','0','gold_pro','new','https://articulo.mercadolibre.com.mx/MLM-830260267-estante-de-toalla-montado-en-la-pared-2-_JM','http://mlm-s2-p.mlstatic.com/811942-CBT43808925435_102020-I.jpg','true','me1','SATA3SLHTGAMLM10574','2020/11/20 10:58:53.524'
'830182867','Estante De Toalla Montado En La Pared  2','252402051','347.61','MXN','0','gold_pro','new','https://articulo.mercadolibre.com.mx/MLM-830182867-estante-de-toalla-montado-en-la-pared-2-_JM','http://mlm-s2-p.mlstatic.com/649570-CBT43806367494_102020-I.jpg','true','me1','SE4P1LAQAMLM10574','2020/11/20 10:58:53.524'
'830263723','Estante De Toalla Montado En La Pared  2','429992949','346.95','MXN','0','gold_pro','new','https://articulo.mercadolibre.com.mx/MLM-830263723-estante-de-toalla-montado-en-la-pared-2-_JM','http://mlm-s2-p.mlstatic.com/654965-CBT43808780818_102020-I.jpg','true','me1','STL4PL2MLM10574','2020/11/20 10:58:53.524'
'830255811','Estante De Toalla Montado En La Pared  2','535045773','347.61','MXN','0','gold_pro','new','https://articulo.mercadolibre.com.mx/MLM-830255811-estante-de-toalla-montado-en-la-pared-2-_JM','http://mlm-s2-p.mlstatic.com/825151-CBT43808699494_102020-I.jpg','true','me1','STL4FHMLM10574','2020/11/20 10:58:53.524'
'838831807','Estante Para Toallas De Pared','535045773','1534.38','MXN','0','gold_pro','new','https://articulo.mercadolibre.com.mx/MLM-838831807-estante-para-toallas-de-pared-_JM','http://mlm-s2-p.mlstatic.com/617909-CBT43631169065_092020-I.jpg','true','me1','STSS5MLM10574','2020/11/20 10:58:53.524'
'838841303','Estante Para Toallas De Pared','535045773','714.04','MXN','0','gold_pro','new','https://articulo.mercadolibre.com.mx/MLM-838841303-estante-para-toallas-de-pared-_JM','http://mlm-s2-p.mlstatic.com/971496-CBT43631167255_092020-I.jpg','true','me1','S44HM3KIMLM10574','2020/11/20 10:58:53.524'
'775634679','Eutuxia  Soporte Para Monitor Doble Con Cristal Templado Ne','268578266','1336.98','MXN','0','gold_pro','new','https://articulo.mercadolibre.com.mx/MLM-775634679-eutuxia-soporte-para-monitor-doble-con-cristal-templado-ne-_JM','http://mlm-s2-p.mlstatic.com/615832-MLM41792595088_052020-I.jpg','true','me1','SKRLMDMLM10574','2020/11/20 10:58:53.524'
'775634162','Fitueyes Dt204202wb  Soporte Para Monitor De Ordenador 2 U','268578266','2172.59','MXN','0','gold_pro','new','https://articulo.mercadolibre.com.mx/MLM-775634162-fitueyes-dt204202wb-soporte-para-monitor-de-ordenador-2-u-_JM','http://mlm-s1-p.mlstatic.com/716282-MLM41792584493_052020-I.jpg','true','me1','SPT26PSUMLM10574','2020/11/20 10:58:53.524'
'832932559','Gancho De Anillo De Toalla','341930356','244.83','MXN','0','gold_pro','new','https://articulo.mercadolibre.com.mx/MLM-832932559-gancho-de-anillo-de-toalla-_JM','http://mlm-s2-p.mlstatic.com/767253-CBT43915196018_102020-I.jpg','true','me1','SSTP11MLM10574','2020/11/20 10:58:53.524'
'832841459','Gancho De Anillo De Toalla','252402051','244.83','MXN','0','gold_pro','new','https://articulo.mercadolibre.com.mx/MLM-832841459-gancho-de-anillo-de-toalla-_JM','http://mlm-s2-p.mlstatic.com/995310-CBT43912864669_102020-I.jpg','true','me1','TA1CTIAHQMLM10574','2020/11/20 10:58:53.524'
'832841821','Gancho De Anillo De Toalla','429992949','244.83','MXN','0','gold_pro','new','https://articulo.mercadolibre.com.mx/MLM-832841821-gancho-de-anillo-de-toalla-_JM','http://mlm-s2-p.mlstatic.com/779411-CBT43912972414_102020-I.jpg','true','me1','TI2GRCMLM10574','2020/11/20 10:58:53.524'
'832844663','Gancho De Anillo De Toalla','535045773','244.82','MXN','0','gold_pro','new','https://articulo.mercadolibre.com.mx/MLM-832844663-gancho-de-anillo-de-toalla-_JM','http://mlm-s2-p.mlstatic.com/713128-CBT43912778343_102020-I.jpg','true','me1','TI2GRCMLM10574','2020/11/20 10:58:53.524'
'830264586','Gancho De Anillo De Toalla Bronce','429992949','544.18','MXN','0','gold_pro','new','https://articulo.mercadolibre.com.mx/MLM-830264586-gancho-de-anillo-de-toalla-bronce-_JM','http://mlm-s1-p.mlstatic.com/666072-CBT43808951211_102020-I.jpg','true','me1','TMRIIAIMLM10574','2020/11/20 10:58:53.524'
'830255967','Gancho De Anillo De Toalla Bronce','535045773','544.19','MXN','0','gold_pro','new','https://articulo.mercadolibre.com.mx/MLM-830255967-gancho-de-anillo-de-toalla-bronce-_JM','http://mlm-s2-p.mlstatic.com/708248-CBT43808726539_102020-I.jpg','true','me1','TS5PLFHMLM10574','2020/11/20 10:58:53.524'
'729656727','Herdio 4  Al Aire Libre Bluetooth Altavoces Patio Imper','268578266','4658.52','MXN','0','gold_pro','new','https://articulo.mercadolibre.com.mx/MLM-729656727-herdio-4-al-aire-libre-bluetooth-altavoces-patio-imper-_JM','http://mlm-s2-p.mlstatic.com/761014-MLM32600268904_102019-I.jpg','true','me1','T4EKMLM10574','2020/11/20 10:58:53.524'
'830280402','Herramienta De Cocina Y Estante Para 40cm Con 4 Ganchos','535045773','538.54','MXN','0','gold_pro','new','https://articulo.mercadolibre.com.mx/MLM-830280402-herramienta-de-cocina-y-estante-para-40cm-con-4-ganchos-_JM','http://mlm-s1-p.mlstatic.com/606012-CBT43809511290_102020-I.jpg','true','me1','THA3CHSLTXMLM10574','2020/11/20 10:58:53.524'
'830288038','Herramienta De Cocina Y Estante Para 60cm Con 6 Ganchos','429992949','590.13','MXN','0','gold_pro','new','https://articulo.mercadolibre.com.mx/MLM-830288038-herramienta-de-cocina-y-estante-para-60cm-con-6-ganchos-_JM','http://mlm-s1-p.mlstatic.com/674111-CBT43809515416_102020-I.jpg','true','me1','THA3CHSLTXMLM10574','2020/11/20 10:58:53.524'
'830270583','Herramienta De Cocina Y Estante Para 60cm Con 6 Ganchos','535045773','598.6','MXN','0','gold_pro','new','https://articulo.mercadolibre.com.mx/MLM-830270583-herramienta-de-cocina-y-estante-para-60cm-con-6-ganchos-_JM','http://mlm-s2-p.mlstatic.com/829014-CBT43809136360_102020-I.jpg','true','me1','THA3CHSLTXMLM10574','2020/11/20 10:58:53.524'
'775628642','Innovative Office Products 7flex  Soporte Para Monitor Lcd','268578266','7228.03','MXN','0','gold_pro','new','https://articulo.mercadolibre.com.mx/MLM-775628642-innovative-office-products-7flex-soporte-para-monitor-lcd-_JM','http://mlm-s1-p.mlstatic.com/799660-MLM41792588837_052020-I.jpg','true','me1','THA3CHSLTXMLM10574','2020/11/20 10:58:53.524'
'729654816','Interior  Exterior Pa Altavoz De La Sirena  8  Pa Alt','268578266','1316.08','MXN','0','gold_pro','new','https://articulo.mercadolibre.com.mx/MLM-729654816-interior-exterior-pa-altavoz-de-la-sirena-8-pa-alt-_JM','http://mlm-s1-p.mlstatic.com/831743-MLM32600198267_102019-I.jpg','true','me1','TI45UHMLM10574','2020/11/20 10:58:53.524'
'775632043','Kantek  Soporte Giratorio Para Tablets De 7 A 10 Pulgadas.','268578266','1253.42','MXN','0','gold_pro','new','https://articulo.mercadolibre.com.mx/MLM-775632043-kantek-soporte-giratorio-para-tablets-de-7-a-10-pulgadas-_JM','http://mlm-s2-p.mlstatic.com/756139-MLM41792590739_052020-I.jpg','true','me1','TIRT4LXMLM10574','2020/11/20 10:58:53.524'
'775634467','Kantek Ts950  Soporte Para Tablets De 7.9 A 10.1 Pulgadas ','268578266','3446.89','MXN','0','gold_pro','new','https://articulo.mercadolibre.com.mx/MLM-775634467-kantek-ts950-soporte-para-tablets-de-79-a-101-pulgadas--_JM','http://mlm-s2-p.mlstatic.com/680382-MLM41792588847_052020-I.jpg','true','me1','TIRT4LXMLM10574','2020/11/20 10:58:53.524'
'775628498','Lapworks Wizard  Escritorio De Pie Para Escritorio O Mesa C','268578266','4386.96','MXN','0','gold_pro','new','https://articulo.mercadolibre.com.mx/MLM-775628498-lapworks-wizard-escritorio-de-pie-para-escritorio-o-mesa-c-_JM','http://mlm-s1-p.mlstatic.com/949659-MLM41792588501_052020-I.jpg','true','me1','TLG3PH7HUV6MLM10574','2020/11/20 10:58:53.524'
'818280139','Lay10a  Soporte Para Monitor Todo En Uno madera Real','268578266','4804.76','MXN','0','gold_pro','new','https://articulo.mercadolibre.com.mx/MLM-818280139-lay10a-soporte-para-monitor-todo-en-uno-madera-real-_JM','http://mlm-s2-p.mlstatic.com/654236-MLM41792585154_052020-I.jpg','true','me1','TLG5PSTU4HUMLM10574','2020/11/20 10:58:53.524'
'729881067','Martinlogan Ml45 Del Altavoz Al Aire Libre Para Todos Los C','268578266','17401.78','MXN','0','gold_pro','new','https://articulo.mercadolibre.com.mx/MLM-729881067-martinlogan-ml-45-del-altavoz-al-aire-libre-para-todos-los-c-_JM','http://mlm-s2-p.mlstatic.com/885949-MLM32609109175_102019-I.jpg','true','me1','TS5EA8MLM10574','2020/11/20 10:58:53.524'
'710328040','Micrófono Mic Stand Teléfono Soporte Universal Para El I965','207455497','649','MXN','0','gold_special','new','https://articulo.mercadolibre.com.mx/MLM-710328040-microfono-mic-stand-telefono-soporte-universal-para-el-i-965-_JM','http://mlm-s1-p.mlstatic.com/750313-MLM31911420882_082019-I.jpg','true','me2','TSJ4EAU0MLM10574','2020/11/20 10:58:53.524'
'775634602','Mind Reader Lapcushgry Escritorio Portátil. Regazo. ngulo','268578266','1692.11','MXN','0','gold_pro','new','https://articulo.mercadolibre.com.mx/MLM-775634602-mind-reader-lapcush-gry-escritorio-portatil-regazo-angulo-_JM','http://mlm-s1-p.mlstatic.com/607287-MLM41792593280_052020-I.jpg','true','me1','TSSTEAMVMLM10574','2020/11/20 10:58:53.524'
'775634294','Mind Reader Mon2tblk Soporte Para Monitor. 2 Niveles. Metal','268578266','1817.45','MXN','0','gold_pro','new','https://articulo.mercadolibre.com.mx/MLM-775634294-mind-reader-mon2t-blk-soporte-para-monitor-2-niveles-metal-_JM','http://mlm-s1-p.mlstatic.com/753369-MLM41792586417_052020-I.jpg','true','me1','TS4NEA2UMLM10574','2020/11/20 10:58:53.524'
'818282638','Mobilevision  Portalápices De Bambú Con Bandeja Para Guarda','268578266','1086.29','MXN','0','gold_pro','new','https://articulo.mercadolibre.com.mx/MLM-818282638-mobilevision-portalapices-de-bambu-con-bandeja-para-guarda-_JM','http://mlm-s1-p.mlstatic.com/954835-MLM41792587831_052020-I.jpg','true','me1','TS2PLHHTBMLM10574','2020/11/20 10:58:53.524'
'589862321','Montaje De Pared O Ventana Pnanostationm Y Locom Ubq Montaj','23258483','579','MXN','2','gold_special','new','https://articulo.mercadolibre.com.mx/MLM-589862321-montaje-de-pared-o-ventana-pnanostationm-y-locom-ubq-montaj-_JM','http://mlm-s2-p.mlstatic.com/816514-MLM31221857397_062019-I.jpg','true','me2','TS5CFLXMLM10574','2020/11/20 10:58:53.524'
'729654677','Mtx Aw82b 839 Y 2 Vías Altavoz Para Cualquier Estación','268578266','8857.46','MXN','0','gold_pro','new','https://articulo.mercadolibre.com.mx/MLM-729654677-mtx-aw82b-839-y-2-vias-altavoz-para-cualquier-estacion-_JM','http://mlm-s2-p.mlstatic.com/715529-MLM32600190859_102019-I.jpg','false','me1','TS5CFLXMLM10574','2020/11/20 10:58:53.524'
'775628650','Mygift  Soporte Para Monitor De Escritorio madera. Con Caj','268578266','2590.4','MXN','0','gold_pro','new','https://articulo.mercadolibre.com.mx/MLM-775628650-mygift-soporte-para-monitor-de-escritorio-madera-con-caj-_JM','http://mlm-s1-p.mlstatic.com/663217-MLM41792586945_052020-I.jpg','true','me1','TSSSDL5UMLM10574','2020/11/20 10:58:53.524'
'775634034','Nllano Soporte Portátil Plegable Ergonómico De Aluminio Para','268578266','1295.19','MXN','0','gold_pro','new','https://articulo.mercadolibre.com.mx/MLM-775634034-nllano-soporte-portatil-plegable-ergonomico-de-aluminio-para-_JM','http://mlm-s1-p.mlstatic.com/910686-MLM41792584093_052020-I.jpg','true','me1','TV4LICFXMLM10574','2020/11/20 10:58:53.524'
'839721696','Organizador De Almacenamiento De Armario Azul_1','535045773','1057.64','MXN','0','gold_pro','new','https://articulo.mercadolibre.com.mx/MLM-839721696-organizador-de-almacenamiento-de-armario-azul1-_JM','http://mlm-s1-p.mlstatic.com/661401-CBT44083145053_112020-I.jpg','true','me1','TV4LICFXMLM10574','2020/11/20 10:58:53.524'
'839724992','Organizador De Almacenamiento De Armario Azul_2','535045773','811.77','MXN','0','gold_pro','new','https://articulo.mercadolibre.com.mx/MLM-839724992-organizador-de-almacenamiento-de-armario-azul2-_JM','http://mlm-s1-p.mlstatic.com/862787-CBT44083145062_112020-I.jpg','true','me1','TV4LICFXMLM10574','2020/11/20 10:58:53.524'
'839721695','Organizador De Almacenamiento De Armario Black_1','535045773','1037.8','MXN','0','gold_pro','new','https://articulo.mercadolibre.com.mx/MLM-839721695-organizador-de-almacenamiento-de-armario-black1-_JM','http://mlm-s2-p.mlstatic.com/691168-CBT44083143922_112020-I.jpg','true','me1','TS4LHXMLM10574','2020/11/20 10:58:53.524'
'839684575','Organizador De Almacenamiento De Armario Negro_2','252402051','839.13','MXN','0','gold_pro','new','https://articulo.mercadolibre.com.mx/MLM-839684575-organizador-de-almacenamiento-de-armario-negro2-_JM','http://mlm-s2-p.mlstatic.com/803982-CBT44081898576_112020-I.jpg','true','me1','TS4LHXMLM10574','2020/11/20 10:58:53.524'
'839724989','Organizador De Almacenamiento De Armario Negro_2','535045773','839.13','MXN','0','gold_pro','new','https://articulo.mercadolibre.com.mx/MLM-839724989-organizador-de-almacenamiento-de-armario-negro2-_JM','http://mlm-s2-p.mlstatic.com/961165-CBT44083143880_112020-I.jpg','true','me1','TS4LHXMLM10574','2020/11/20 10:58:53.524'
'835315066','Organizador De Baño','535045773','537.28','MXN','0','gold_pro','new','https://articulo.mercadolibre.com.mx/MLM-835315066-organizador-de-bano-_JM','http://mlm-s1-p.mlstatic.com/821371-CBT43631168524_092020-I.jpg','true','me1','TL5EE0MLM10574','2020/11/20 10:58:53.524'
'838813911','Organizador De Baño','535045773','946.53','MXN','0','gold_pro','new','https://articulo.mercadolibre.com.mx/MLM-838813911-organizador-de-bano-_JM','http://mlm-s2-p.mlstatic.com/850314-CBT43630489405_092020-I.jpg','true','me1','TL1LWMLM10574','2020/11/20 10:58:53.524'
'775634422','Organizador De Productos De Oficina Multiusos De Bambú Compa','268578266','1399.64','MXN','0','gold_pro','new','https://articulo.mercadolibre.com.mx/MLM-775634422-organizador-de-productos-de-oficina-multiusos-de-bambu-compa-_JM','http://mlm-s1-p.mlstatic.com/720414-MLM41792586793_052020-I.jpg','true','me1','TDVPLA2MLM10574','2020/11/20 10:58:53.524'
'729656817','Polk Audio Atrium 4 Altavoces Al Aire Libre Con Graves Poten','268578266','7457.91','MXN','0','gold_pro','new','https://articulo.mercadolibre.com.mx/MLM-729656817-polk-audio-atrium-4-altavoces-al-aire-libre-con-graves-poten-_JM','http://mlm-s2-p.mlstatic.com/751049-MLM32600276397_102019-I.jpg','true','me1','THL1SXMLM10574','2020/11/20 10:58:53.524'
'838816515','Portaequipajes Autoinflables','535045773','2383.57','MXN','0','gold_pro','new','https://articulo.mercadolibre.com.mx/MLM-838816515-portaequipajes-autoinflables-_JM','http://mlm-s2-p.mlstatic.com/910010-CBT43607077497_092020-I.jpg','true','me1','THL1SXMLM10574','2020/11/20 10:58:53.524'
'838818628','Portaesquís Hombro Lash','535045773','346.77','MXN','0','gold_pro','new','https://articulo.mercadolibre.com.mx/MLM-838818628-portaesquis-hombro-lash-_JM','http://mlm-s1-p.mlstatic.com/704895-CBT43607312572_092020-I.jpg','true','me1','THL1SXMLM10574','2020/11/20 10:58:53.524'
'818277162','Promic  Soporte De Escritorio Para Monitor movimiento Comp','268578266','1921.9','MXN','0','gold_pro','new','https://articulo.mercadolibre.com.mx/MLM-818277162-promic-soporte-de-escritorio-para-monitor-movimiento-comp-_JM','http://mlm-s1-p.mlstatic.com/666585-MLM41792581954_052020-I.jpg','true','me1','THLHVIEDMLM10574','2020/11/20 10:58:53.524'
'838814093','Protector De Portaequipajes Fácil Y Suave.','535045773','604.35','MXN','0','gold_pro','new','https://articulo.mercadolibre.com.mx/MLM-838814093-protector-de-portaequipajes-facil-y-suave-_JM','http://mlm-s2-p.mlstatic.com/981700-CBT43608334685_092020-I.jpg','true','me1','TPL2PMLM10574','2020/11/20 10:58:53.524'
'838824621','Red Elástica Para Todoterreno Para Coche.','535045773','697.1','MXN','0','gold_pro','new','https://articulo.mercadolibre.com.mx/MLM-838824621-red-elastica-para-todoterreno-para-coche-_JM','http://mlm-s2-p.mlstatic.com/769701-CBT43608394441_092020-I.jpg','true','me1','TPSST5MLM10574','2020/11/20 10:58:53.524'
'838833583','Red Elástica Para Todoterreno Para Coche.','535045773','452.91','MXN','0','gold_pro','new','https://articulo.mercadolibre.com.mx/MLM-838833583-red-elastica-para-todoterreno-para-coche-_JM','http://mlm-s2-p.mlstatic.com/742214-CBT43608388922_092020-I.jpg','true','me1','TPS5VLO0MLM10574','2020/11/20 10:58:53.524'
'775628918','Replicador De Puertos De Escritorio Para Cf31','268578266','12596.84','MXN','0','gold_pro','new','https://articulo.mercadolibre.com.mx/MLM-775628918-replicador-de-puertos-de-escritorio-para-cf-31-_JM','http://mlm-s1-p.mlstatic.com/809726-MLM41792594478_052020-I.jpg','true','me1','VMB5ADHEMLM10574','2020/11/20 10:58:53.524'
'840453142','Rifles  Soporte Para Montaje En Pared. Diseño De Mosquete','535045773','1168.82','MXN','0','gold_pro','new','https://articulo.mercadolibre.com.mx/MLM-840453142-rifles-soporte-para-montaje-en-pared-diseno-de-mosquete-_JM','http://mlm-s1-p.mlstatic.com/928409-CBT44101268033_112020-I.jpg','true','me1','WWRIPT2MLM10574','2020/11/20 10:58:53.524'
'838841261','Rifles  Soporte Para Montaje En Pared. Diseño De Mosquete','535045773','409.03','MXN','0','gold_pro','new','https://articulo.mercadolibre.com.mx/MLM-838841261-rifles-soporte-para-montaje-en-pared-diseno-de-mosquete-_JM','http://mlm-s2-p.mlstatic.com/956661-CBT43629285038_092020-I.jpg','true','me1','XSTBA1AHQCMLM10574','2020/11/20 10:58:53.524'
'824031783','Rifles Mosquete Soportes De Exhibición De Almacenamiento','252402051','411.54','MXN','0','gold_pro','new','https://articulo.mercadolibre.com.mx/MLM-824031783-rifles-mosquete-soportes-de-exhibicion-de-almacenamiento-_JM','http://mlm-s2-p.mlstatic.com/823818-CBT43628880334_092020-I.jpg','true','me1','XP1A1STBU4MPMLM10574','2020/11/20 10:58:53.524'
'775628852','Rocelco Convertidor De Escritorio De Pie Ajustable De Gran A','268578266','10257.12','MXN','0','gold_pro','new','https://articulo.mercadolibre.com.mx/MLM-775628852-rocelco-convertidor-de-escritorio-de-pie-ajustable-de-gran-a-_JM','http://mlm-s1-p.mlstatic.com/645069-MLM41792593349_052020-I.jpg','false','me1','XP1A1STBU4MPMLM10574','2020/11/20 10:58:53.524'
'775634149','Rockjam  Soporte Portátil Para Dj Con Altura Ajustable. Dis','268578266','1566.77','MXN','0','gold_pro','new','https://articulo.mercadolibre.com.mx/MLM-775634149-rockjam-soporte-portatil-para-dj-con-altura-ajustable-dis-_JM','http://mlm-s2-p.mlstatic.com/747739-MLM41792585025_052020-I.jpg','true','me1','XSA7CTASQCMLM10574','2020/11/20 10:58:53.524'
'775628946','Samdi  Soporte Para Monitor De Ordenador De Madera Con Cajó','268578266','1336.98','MXN','0','gold_pro','new','https://articulo.mercadolibre.com.mx/MLM-775628946-samdi-soporte-para-monitor-de-ordenador-de-madera-con-cajo-_JM','http://mlm-s1-p.mlstatic.com/616388-MLM41792592846_052020-I.jpg','true','me1','XTBSQC6BCAMLM10574','2020/11/20 10:58:53.524'
'660237402','Soporte Articulado Brazo Pantalla Tv 30 PuLG Acero Vesa 100','217547731','299','MXN','2','gold_special','new','https://articulo.mercadolibre.com.mx/MLM-660237402-soporte-articulado-brazo-pantalla-tv-30-pulg-acero-vesa-100-_JM','http://mlm-s1-p.mlstatic.com/905376-MLM31947761385_082019-I.jpg','false','me2','1TM1TMLM10574','2020/11/20 10:58:53.524'
'629881743','Soporte Clamp De 2 Tipo Hamburguesa  Pz  Hm200 Winners','52299492','210','MXN','0','gold_special','new','https://articulo.mercadolibre.com.mx/MLM-629881743-soporte-clamp-de-2-tipo-hamburguesa-pz-hm200-winners-_JM','http://mlm-s2-p.mlstatic.com/755193-MLM28988218275_122018-I.jpg','false','me2','BSREP1V3MLM10574','2020/11/20 10:58:53.524'
'829801838','Soporte De Anillo De Toalla Montado En La Pared','535045773','673.71','MXN','0','gold_pro','new','https://articulo.mercadolibre.com.mx/MLM-829801838-soporte-de-anillo-de-toalla-montado-en-la-pared-_JM','http://mlm-s1-p.mlstatic.com/868450-CBT43796611241_102020-I.jpg','true','me1','CVOOMLM10574','2020/11/20 10:58:53.524'
'698492804','Soporte De Mesa Bose Omnijewel Negro','268578266','4010.98','MXN','0','gold_pro','new','https://articulo.mercadolibre.com.mx/MLM-698492804-soporte-de-mesa-bose-omnijewel-negro-_JM','http://mlm-s1-p.mlstatic.com/936608-MLM31430718038_072019-I.jpg','true','me1','DP1PTLLMLM10574','2020/11/20 10:58:53.524'
'646568540','Soporte De Monte Mesa Pared Blanco 1 Para Google Wifi Securi','280058269','346.56','MXN','5','gold_pro','new','https://articulo.mercadolibre.com.mx/MLM-646568540-soporte-de-monte-mesa-pared-blanco-1-para-google-wifi-securi-_JM','http://mlm-s1-p.mlstatic.com/911988-MLM31234292568_062019-I.jpg','true','me1','FRAAIEIIMLM10574','2020/11/20 10:58:53.524'
'833670193','Soporte De Riel De Toalla','341930356','192.81','MXN','0','gold_pro','new','https://articulo.mercadolibre.com.mx/MLM-833670193-soporte-de-riel-de-toalla-_JM','http://mlm-s2-p.mlstatic.com/787147-CBT43948003977_102020-I.jpg','true','me1','PPCMOAMLM10574','2020/11/20 10:58:53.524'
'833594449','Soporte De Riel De Toalla','252402051','192.81','MXN','0','gold_pro','new','https://articulo.mercadolibre.com.mx/MLM-833594449-soporte-de-riel-de-toalla-_JM','http://mlm-s2-p.mlstatic.com/881080-CBT43944503666_102020-I.jpg','true','me1','SARVPGLMLM10574','2020/11/20 10:58:53.524'
'833598607','Soporte De Riel De Toalla','429992949','192.81','MXN','0','gold_pro','new','https://articulo.mercadolibre.com.mx/MLM-833598607-soporte-de-riel-de-toalla-_JM','http://mlm-s2-p.mlstatic.com/754928-CBT43944531286_102020-I.jpg','true','me1','TTD2ESGMLM10574','2020/11/20 10:58:53.524'
'833598512','Soporte De Riel De Toalla','535045773','192.81','MXN','0','gold_pro','new','https://articulo.mercadolibre.com.mx/MLM-833598512-soporte-de-riel-de-toalla-_JM','http://mlm-s1-p.mlstatic.com/710046-CBT43944520757_102020-I.jpg','true','me1','BSBTCHS5MLM10574','2020/11/20 10:58:53.524'
'839766360','Soporte De Toalla De Latón','535045773','1885.5','MXN','0','gold_pro','new','https://articulo.mercadolibre.com.mx/MLM-839766360-soporte-de-toalla-de-laton-_JM','http://mlm-s1-p.mlstatic.com/764244-CBT44084576633_112020-I.jpg','true','me1','EIMNMLM10574','2020/11/20 10:58:53.524'
'837704582','Soporte De Torre De Mano Para Baño Dispensador De Papel','341930356','331.52','MXN','0','gold_pro','new','https://articulo.mercadolibre.com.mx/MLM-837704582-soporte-de-torre-de-mano-para-bano-dispensador-de-papel-_JM','http://mlm-s1-p.mlstatic.com/954205-CBT44039324840_112020-I.jpg','true','me1','1CBAAAMLM10574','2020/11/20 10:58:53.524'
'837704627','Soporte De Torre De Mano Para Baño Dispensador De Papel','341930356','247.57','MXN','0','gold_pro','new','https://articulo.mercadolibre.com.mx/MLM-837704627-soporte-de-torre-de-mano-para-bano-dispensador-de-papel-_JM','http://mlm-s2-p.mlstatic.com/617523-CBT44039327648_112020-I.jpg','true','me1','1MRANC2MLM10574','2020/11/20 10:58:53.524'
'837691804','Soporte De Torre De Mano Para Baño Dispensador De Papel','252402051','249.84','MXN','0','gold_pro','new','https://articulo.mercadolibre.com.mx/MLM-837691804-soporte-de-torre-de-mano-para-bano-dispensador-de-papel-_JM','http://mlm-s1-p.mlstatic.com/665949-CBT44039324756_112020-I.jpg','true','me1','1MRTCN2M0MLM10574','2020/11/20 10:58:53.524'
'837698959','Soporte De Torre De Mano Para Baño Dispensador De Papel','252402051','331.52','MXN','0','gold_pro','new','https://articulo.mercadolibre.com.mx/MLM-837698959-soporte-de-torre-de-mano-para-bano-dispensador-de-papel-_JM','http://mlm-s2-p.mlstatic.com/660675-CBT44039335519_112020-I.jpg','true','me1','1MRTCN2M0MLM10574','2020/11/20 10:58:53.524'
'837698956','Soporte De Torre De Mano Para Baño Dispensador De Papel','429992949','249.84','MXN','0','gold_pro','new','https://articulo.mercadolibre.com.mx/MLM-837698956-soporte-de-torre-de-mano-para-bano-dispensador-de-papel-_JM','http://mlm-s1-p.mlstatic.com/748699-CBT44039333411_112020-I.jpg','true','me1','1MRTCN2M0MLM10574','2020/11/20 10:58:53.524'
'837701892','Soporte De Torre De Mano Para Baño Dispensador De Papel','429992949','331.52','MXN','0','gold_pro','new','https://articulo.mercadolibre.com.mx/MLM-837701892-soporte-de-torre-de-mano-para-bano-dispensador-de-papel-_JM','http://mlm-s1-p.mlstatic.com/755909-CBT44039335320_112020-I.jpg','true','me1','1MRTCN2M0MLM10574','2020/11/20 10:58:53.524'
'837691813','Soporte De Torre De Mano Para Baño Dispensador De Papel','535045773','249.84','MXN','0','gold_pro','new','https://articulo.mercadolibre.com.mx/MLM-837691813-soporte-de-torre-de-mano-para-bano-dispensador-de-papel-_JM','http://mlm-s2-p.mlstatic.com/823922-CBT44039334595_112020-I.jpg','true','me1','1MRTCN2M0MLM10574','2020/11/20 10:58:53.524'
'837701940','Soporte De Torre De Mano Para Baño Dispensador De Papel','535045773','331.52','MXN','0','gold_pro','new','https://articulo.mercadolibre.com.mx/MLM-837701940-soporte-de-torre-de-mano-para-bano-dispensador-de-papel-_JM','http://mlm-s1-p.mlstatic.com/725857-CBT44039351658_112020-I.jpg','true','me1','1MRTCN2M0MLM10574','2020/11/20 10:58:53.524'
'775628266','Soporte Invisible Para Portátil O Tablet. Ultradelgado. Resi','268578266','1086.29','MXN','0','gold_pro','new','https://articulo.mercadolibre.com.mx/MLM-775628266-soporte-invisible-para-portatil-o-tablet-ultradelgado-resi-_JM','http://mlm-s1-p.mlstatic.com/772079-MLM41792582937_052020-I.jpg','true','me1','1SP0EOMLM10574','2020/11/20 10:58:53.524'
'818277084','Soporte Multiusos Para Portátil Lpt6000 En El Escenario','268578266','2026.35','MXN','0','gold_pro','new','https://articulo.mercadolibre.com.mx/MLM-818277084-soporte-multiusos-para-portatil-lpt6000-en-el-escenario-_JM','http://mlm-s1-p.mlstatic.com/973650-MLM41792592796_052020-I.jpg','true','me1','1BBCBMLM10574','2020/11/20 10:58:53.524'
'832846385','Soporte Para Bastidores Con Barra Para Toallas L','535045773','321.07','MXN','0','gold_pro','new','https://articulo.mercadolibre.com.mx/MLM-832846385-soporte-para-bastidores-con-barra-para-toallas-l-_JM','http://mlm-s2-p.mlstatic.com/971831-CBT43912731896_102020-I.jpg','true','me1','1APN0IOUMLM10574','2020/11/20 10:58:53.524'
'832846384','Soporte Para Bastidores Con Barra Para Toallas S','535045773','282.01','MXN','0','gold_pro','new','https://articulo.mercadolibre.com.mx/MLM-832846384-soporte-para-bastidores-con-barra-para-toallas-s-_JM','http://mlm-s1-p.mlstatic.com/959203-CBT43912740336_102020-I.jpg','true','me1','1PTRMCFMLM10574','2020/11/20 10:58:53.524'
'775634241','Soporte Para Monitor Con Cajones. Organizador De Escritorio','268578266','2444.16','MXN','0','gold_pro','new','https://articulo.mercadolibre.com.mx/MLM-775634241-soporte-para-monitor-con-cajones-organizador-de-escritorio-_JM','http://mlm-s2-p.mlstatic.com/898257-MLM41792585372_052020-I.jpg','true','me1','1PTDMHMLM10574','2020/11/20 10:58:53.524'
'775634553','Soporte Para Monitor De Bambúportátil De Stellar Importers','268578266','1901.01','MXN','0','gold_pro','new','https://articulo.mercadolibre.com.mx/MLM-775634553-soporte-para-monitor-de-bambuportatil-de-stellar-importers-_JM','http://mlm-s2-p.mlstatic.com/830839-MLM41792589799_052020-I.jpg','true','me1','1SHDSTBRTDMLM10574','2020/11/20 10:58:53.524'
'775631595','Soporte Para Monitor. Jelly Peine Plegable. Soporte Para Ord','268578266','1817.45','MXN','0','gold_pro','new','https://articulo.mercadolibre.com.mx/MLM-775631595-soporte-para-monitor-jelly-peine-plegable-soporte-para-ord-_JM','http://mlm-s2-p.mlstatic.com/778166-MLM41792588014_052020-I.jpg','true','me1','1OARCMDMLM10574','2020/11/20 10:58:53.524'
'836858173','Soporte Para Paraguas Para Oficina En Casa','341930356','539.6','MXN','0','gold_pro','new','https://articulo.mercadolibre.com.mx/MLM-836858173-soporte-para-paraguas-para-oficina-en-casa-_JM','http://mlm-s2-p.mlstatic.com/813354-CBT44020257022_112020-I.jpg','true','me1','1HICCIALWPMLM10574','2020/11/20 10:58:53.524'
'836807344','Soporte Para Paraguas Para Oficina En Casa','252402051','539.6','MXN','0','gold_pro','new','https://articulo.mercadolibre.com.mx/MLM-836807344-soporte-para-paraguas-para-oficina-en-casa-_JM','http://mlm-s1-p.mlstatic.com/688347-CBT44019009074_112020-I.jpg','true','me1','12EFSESAMLM10574','2020/11/20 10:58:53.524'
'836818128','Soporte Para Paraguas Para Oficina En Casa','429992949','539.6','MXN','0','gold_pro','new','https://articulo.mercadolibre.com.mx/MLM-836818128-soporte-para-paraguas-para-oficina-en-casa-_JM','http://mlm-s1-p.mlstatic.com/606643-CBT44018976391_112020-I.jpg','true','me1','1NT1OAMLM10574','2020/11/20 10:58:53.524'
'836864669','Soporte Para Paraguas Para Oficina En Casa','535045773','539.6','MXN','0','gold_pro','new','https://articulo.mercadolibre.com.mx/MLM-836864669-soporte-para-paraguas-para-oficina-en-casa-_JM','http://mlm-s2-p.mlstatic.com/816430-CBT44020232803_112020-I.jpg','true','me1','151ORPCMLM10574','2020/11/20 10:58:53.524'
'775634242','Soporte Para Portátil Lamicall Para Portátil Soporte De Esc','268578266','2068.14','MXN','0','gold_pro','new','https://articulo.mercadolibre.com.mx/MLM-775634242-soporte-para-portatil-lamicall-para-portatil-soporte-de-esc-_JM','http://mlm-s1-p.mlstatic.com/734374-MLM41792585381_052020-I.jpg','true','me1','1ABERSL81RMLM10574','2020/11/20 10:58:53.524'
'775631855','Soporte Para Portátil Portátil. Ergonómico. Ajustable. Ultra','268578266','1671.22','MXN','0','gold_pro','new','https://articulo.mercadolibre.com.mx/MLM-775631855-soporte-para-portatil-portatil-ergonomico-ajustable-ultra-_JM','http://mlm-s2-p.mlstatic.com/668752-MLM41792590225_052020-I.jpg','true','me1','1PEUC13PCAMLM10574','2020/11/20 10:58:53.524'
'639523941','Soporte Para Televisor','16981719','150','MXN','0','gold_special','new','https://articulo.mercadolibre.com.mx/MLM-639523941-soporte-para-televisor-_JM','http://mlm-s2-p.mlstatic.com/677523-MLM28025153389_082018-I.jpg','false','me2','1PEASCMLM10574','2020/11/20 10:58:53.524'
'744314931','Soporte Para Tv 17in42in 31kg Sencillo','473945299','479','MXN','0','gold_special','new','https://articulo.mercadolibre.com.mx/MLM-744314931-soporte-para-tv-17in-42in-31kg-sencillo-_JM','http://mlm-s2-p.mlstatic.com/888829-MLM43806517503_102020-I.jpg','true','me2','1RPA2UOSMLM10574','2020/11/20 10:58:53.524'
'744314894','Soporte Para Tv 26in65in 65kg Fijo','473945299','569','MXN','0','gold_special','new','https://articulo.mercadolibre.com.mx/MLM-744314894-soporte-para-tv-26in-65in-65kg-fijo-_JM','http://mlm-s1-p.mlstatic.com/967015-MLM43806516425_102020-I.jpg','true','me2','1MPFTRMLM10574','2020/11/20 10:58:53.524'
'818282658','Soporte Plegable Para Monitor. Klearlook Compu Multifunción','268578266','1817.45','MXN','0','gold_pro','new','https://articulo.mercadolibre.com.mx/MLM-818282658-soporte-plegable-para-monitor-klearlook-compu-multifuncion-_JM','http://mlm-s1-p.mlstatic.com/656588-MLM41792588779_052020-I.jpg','true','me1','1BDLAGSCMLM10574','2020/11/20 10:58:53.524'
'624193600','Soporte Regulable Ppared Metal Pinteriorexterior Blanco2','312125717','436.93','MXN','4','gold_pro','new','https://articulo.mercadolibre.com.mx/MLM-624193600-soporte-regulable-ppared-metal-pinteriorexterior-blanco2-_JM','http://mlm-s1-p.mlstatic.com/827046-MLM31228172100_062019-I.jpg','true','me1','1MEH0FIMLM10574','2020/11/20 10:58:53.524'
'624193605','Soporte Regulable Para Pared Metal Pinteriorexterior Bco.','312125717','394.44','MXN','1','gold_pro','new','https://articulo.mercadolibre.com.mx/MLM-624193605-soporte-regulable-para-pared-metal-pinteriorexterior-bco-_JM','http://mlm-s2-p.mlstatic.com/921446-MLM31228161010_062019-I.jpg','true','me1','1BALFBMLM10574','2020/11/20 10:58:53.524'
'624193599','Soporte Regulable Para Pared Metal Pinteriorexterior N. 2','312125717','430.76','MXN','1','gold_pro','new','https://articulo.mercadolibre.com.mx/MLM-624193599-soporte-regulable-para-pared-metal-pinteriorexterior-n-2-_JM','http://mlm-s2-p.mlstatic.com/736460-MLM31228280205_062019-I.jpg','true','me1','1CLA1URA5MLM10574','2020/11/20 10:58:53.524'
'775631785','Soporte Vertical Para Portátil Omoton. Soporte De Escritorio','268578266','1650.33','MXN','0','gold_pro','new','https://articulo.mercadolibre.com.mx/MLM-775631785-soporte-vertical-para-portatil-omoton-soporte-de-escritorio-_JM','http://mlm-s2-p.mlstatic.com/718884-MLM41792587769_052020-I.jpg','true','me1','17MLM10574','2020/11/20 10:58:53.524'
'840452387','Soportes De Exhibición De Almacenamiento De Montaje En','341930356','1168.82','MXN','0','gold_pro','new','https://articulo.mercadolibre.com.mx/MLM-840452387-soportes-de-exhibicion-de-almacenamiento-de-montaje-en-_JM','http://mlm-s2-p.mlstatic.com/669839-CBT44101186023_112020-I.jpg','true','me1','1PGSMTSM0MLM10574','2020/11/20 10:58:53.524'
'840285447','Soportes De Exhibición De Almacenamiento De Montaje En','252402051','1168.82','MXN','0','gold_pro','new','https://articulo.mercadolibre.com.mx/MLM-840285447-soportes-de-exhibicion-de-almacenamiento-de-montaje-en-_JM','http://mlm-s2-p.mlstatic.com/957748-CBT44097601573_112020-I.jpg','true','me1','1EICB2TLMLM10574','2020/11/20 10:58:53.524'
'840304285','Soportes De Exhibición De Almacenamiento De Montaje En','429992949','1168.82','MXN','0','gold_pro','new','https://articulo.mercadolibre.com.mx/MLM-840304285-soportes-de-exhibicion-de-almacenamiento-de-montaje-en-_JM','http://mlm-s2-p.mlstatic.com/969266-CBT44097782330_112020-I.jpg','true','me1','1DGSFSCMLM10574','2020/11/20 10:58:53.524'
'775631289','Superjare  Soporte De Pantalla Ajustable Para Ordenador Por','268578266','2527.72','MXN','0','gold_pro','new','https://articulo.mercadolibre.com.mx/MLM-775631289-superjare-soporte-de-pantalla-ajustable-para-ordenador-por-_JM','http://mlm-s2-p.mlstatic.com/702652-MLM41792583237_052020-I.jpg','true','me1','R2PAE8OSMLM10574','2020/11/20 10:58:53.524'
'775631672','Superjare  Soporte De Pantalla Ajustable Para Ordenador Por','268578266','1942.8','MXN','0','gold_pro','new','https://articulo.mercadolibre.com.mx/MLM-775631672-superjare-soporte-de-pantalla-ajustable-para-ordenador-por-_JM','http://mlm-s1-p.mlstatic.com/865616-MLM41792588323_052020-I.jpg','true','me1','ARMCPMLM10574','2020/11/20 10:58:53.524'
'775634683','Tangkula Soporte Para Monitor De Bambú. Soporte Para Monitor','268578266','1754.78','MXN','0','gold_pro','new','https://articulo.mercadolibre.com.mx/MLM-775634683-tangkula-soporte-para-monitor-de-bambu-soporte-para-monitor-_JM','http://mlm-s2-p.mlstatic.com/702465-MLM41792592819_052020-I.jpg','true','me1','BSREP1V3MLM10574','2020/11/20 10:58:53.524'
'729654122','Terremoto De Sonido Aws502b Todo Clima Interior  Altavoces','268578266','7708.5','MXN','0','gold_pro','new','https://articulo.mercadolibre.com.mx/MLM-729654122-terremoto-de-sonido-aws-502b-todo-clima-interior-altavoces-_JM','http://mlm-s1-p.mlstatic.com/731845-MLM32600163172_102019-I.jpg','true','me1','EIWMNNIIMLM10574','2020/11/20 10:58:53.524'
'729879591','Tic Gs4 839 Resistente A La Intemperie Al Aire Libre Omni','268578266','5619.55','MXN','0','gold_pro','new','https://articulo.mercadolibre.com.mx/MLM-729879591-tic-gs4-839-resistente-a-la-intemperie-al-aire-libre-omni-_JM','http://mlm-s2-p.mlstatic.com/991270-MLM32609070563_102019-I.jpg','true','me1','PATARCBMLM10574','2020/11/20 10:58:53.524'
'835514324','Toallero De Acero Inoxidable','341930356','503.44','MXN','0','gold_pro','new','https://articulo.mercadolibre.com.mx/MLM-835514324-toallero-de-acero-inoxidable-_JM','http://mlm-s1-p.mlstatic.com/979760-CBT43991142343_112020-I.jpg','true','me1','TDT2ESMLM10574','2020/11/20 10:58:53.524'
'835443672','Toallero De Acero Inoxidable','252402051','503.44','MXN','0','gold_pro','new','https://articulo.mercadolibre.com.mx/MLM-835443672-toallero-de-acero-inoxidable-_JM','http://mlm-s1-p.mlstatic.com/671613-CBT43988887700_112020-I.jpg','true','me1','TTDPF12MLM10574','2020/11/20 10:58:53.524'
'835441551','Toallero De Acero Inoxidable','429992949','503.44','MXN','0','gold_pro','new','https://articulo.mercadolibre.com.mx/MLM-835441551-toallero-de-acero-inoxidable-_JM','http://mlm-s2-p.mlstatic.com/800774-CBT43988862487_112020-I.jpg','true','me1','2G1WAARSMCMLM10574','2020/11/20 10:58:53.524'
'835365054','Toallero De Acero Inoxidable','535045773','408.81','MXN','0','gold_pro','new','https://articulo.mercadolibre.com.mx/MLM-835365054-toallero-de-acero-inoxidable-_JM','http://mlm-s1-p.mlstatic.com/672536-CBT43987122032_112020-I.jpg','true','me1','2GWUAFVHDSMLM10574','2020/11/20 10:58:53.524'
'835451066','Toallero De Acero Inoxidable','535045773','503.44','MXN','0','gold_pro','new','https://articulo.mercadolibre.com.mx/MLM-835451066-toallero-de-acero-inoxidable-_JM','http://mlm-s1-p.mlstatic.com/993009-CBT43989068162_112020-I.jpg','true','me1','2CASCMLM10574','2020/11/20 10:58:53.524'
'835447041','Toallero De Varilla Individual Doble Barra','535045773','981.61','MXN','0','gold_pro','new','https://articulo.mercadolibre.com.mx/MLM-835447041-toallero-de-varilla-individual-doble-barra-_JM','http://mlm-s2-p.mlstatic.com/929736-CBT43989064304_112020-I.jpg','true','me1','2P2D8ILPVCMLM10574','2020/11/20 10:58:53.524'
'835444904','Toallero De Varilla Individual Single Bar','535045773','727.64','MXN','0','gold_pro','new','https://articulo.mercadolibre.com.mx/MLM-835444904-toallero-de-varilla-individual-single-bar-_JM','http://mlm-s1-p.mlstatic.com/681394-CBT43989058716_112020-I.jpg','true','me1','2JCTBRMLM10574','2020/11/20 10:58:53.524'
'838816311','Toallero Montado En La Pared','535045773','498.23','MXN','0','gold_pro','new','https://articulo.mercadolibre.com.mx/MLM-838816311-toallero-montado-en-la-pared-_JM','http://mlm-s2-p.mlstatic.com/631759-CBT43631169002_092020-I.jpg','true','me1','2ME1SMBMLM10574','2020/11/20 10:58:53.524'
'838813910','Toallero Montado En La Pared','535045773','1607.5','MXN','0','gold_pro','new','https://articulo.mercadolibre.com.mx/MLM-838813910-toallero-montado-en-la-pared-_JM','http://mlm-s1-p.mlstatic.com/957437-CBT43630488882_092020-I.jpg','true','me1','2ABDD1HMLM10574','2020/11/20 10:58:53.524'
'775634533','Tripp Lite Mr1411m  Soporte Para Monitor De Ordenador altu','268578266','1378.76','MXN','0','gold_pro','new','https://articulo.mercadolibre.com.mx/MLM-775634533-tripp-lite-mr1411m-soporte-para-monitor-de-ordenador-altu-_JM','http://mlm-s2-p.mlstatic.com/661291-MLM41792589757_052020-I.jpg','true','me1','2FECLLSUMLM10574','2020/11/20 10:58:53.524'
'775634674','Tryten  Caja De Seguridad Para Mac Mini. Compatible Con Ves','268578266','2485.94','MXN','0','gold_pro','new','https://articulo.mercadolibre.com.mx/MLM-775634674-tryten-caja-de-seguridad-para-mac-mini-compatible-con-ves-_JM','http://mlm-s1-p.mlstatic.com/787832-MLM41792592765_052020-I.jpg','true','me1','2STFARCMLM10574','2020/11/20 10:58:53.524'
'630863261','Tuerca M5 Para Montura Gopro 5mm Acero Inoxidable','96589798','7.1','MXN','25','gold_special','new','https://articulo.mercadolibre.com.mx/MLM-630863261-tuerca-m5-para-montura-gopro-5mm-acero-inoxidable-_JM','http://mlm-s2-p.mlstatic.com/971243-MLM31230235069_062019-I.jpg','false','me2','TCAMMFMLM10574','2020/11/20 10:58:53.524'
'775631936','Ultimate Support Soporte Dj Gear Stand jslpt500','268578266','3196.22','MXN','0','gold_pro','new','https://articulo.mercadolibre.com.mx/MLM-775631936-ultimate-support-soporte-dj-gear-stand-js-lpt500-_JM','http://mlm-s1-p.mlstatic.com/858766-MLM41792593106_052020-I.jpg','true','me1','3TI2TMMLM10574','2020/11/20 10:58:53.524'
'775634326','Vaydeer  Soporte Para Monitor De Aluminio usb 3.0. Soporte','268578266','3406.53','MXN','1','gold_pro','new','https://articulo.mercadolibre.com.mx/MLM-775634326-vaydeer-soporte-para-monitor-de-aluminio-usb-30-soporte-_JM','http://mlm-s1-p.mlstatic.com/916774-MLM41792587439_052020-I.jpg','true','me1','3UUDEDFPMLM10574','2020/11/20 10:58:53.524'
'775631697','Vaydeer Usb3.0  Estante Para Monitor','268578266','3634.91','MXN','0','gold_pro','new','https://articulo.mercadolibre.com.mx/MLM-775631697-vaydeer-usb30-estante-para-monitor-_JM','http://mlm-s2-p.mlstatic.com/775737-MLM41792587491_052020-I.jpg','true','me1','3MRANC2MLM10574','2020/11/20 10:58:53.524'
'775634155','Vivo  Soporte Ajustable Para Escritorio Y Pared Para Pc. Co','268578266','1754.78','MXN','0','gold_pro','new','https://articulo.mercadolibre.com.mx/MLM-775634155-vivo-soporte-ajustable-para-escritorio-y-pared-para-pc-co-_JM','http://mlm-s2-p.mlstatic.com/919413-MLM41792581872_052020-I.jpg','true','me1','3PBTATMLM10574','2020/11/20 10:58:53.524'
'775628920','Vivo  Soporte De Escritorio Articulado Neumático Con Brazo','268578266','1713','MXN','0','gold_pro','new','https://articulo.mercadolibre.com.mx/MLM-775628920-vivo-soporte-de-escritorio-articulado-neumatico-con-brazo-_JM','http://mlm-s1-p.mlstatic.com/923597-MLM41792592754_052020-I.jpg','true','me1','3CI0INMLM10574','2020/11/20 10:58:53.524'
'775634113','Vivo Soporte De Escritorio Para Monitor Lcd. Totalmente Ajus','268578266','1921.9','MXN','0','gold_pro','new','https://articulo.mercadolibre.com.mx/MLM-775634113-vivo-soporte-de-escritorio-para-monitor-lcd-totalmente-ajus-_JM','http://mlm-s2-p.mlstatic.com/818501-MLM41792583569_052020-I.jpg','true','me1','3HVPLPPMLM10574','2020/11/20 10:58:53.524'
'775631498','Well Weng  Soporte Para Monitor De Escritorio Con Organizad','268578266','1921.9','MXN','0','gold_pro','new','https://articulo.mercadolibre.com.mx/MLM-775631498-well-weng-soporte-para-monitor-de-escritorio-con-organizad-_JM','http://mlm-s1-p.mlstatic.com/751380-MLM41792584508_052020-I.jpg','true','me1','4CCSTMMLM10574','2020/11/20 10:58:53.524'
'706262753','Zapata Micrófono Clip Abrazadera Soporte Para Cámara De 333','207455497','479','MXN','0','gold_special','new','https://articulo.mercadolibre.com.mx/MLM-706262753-zapata-microfono-clip-abrazadera-soporte-para-camara-de-333-_JM','http://mlm-s2-p.mlstatic.com/803350-MLM31737296392_082019-I.jpg','true','me2','41ECCEHMCMLM10574','2020/11/20 10:58:53.524'
'775628332','Zinus Molly Smart Adjustable Escritorio De Pie. Estación De','268578266','5619.48','MXN','0','gold_pro','new','https://articulo.mercadolibre.com.mx/MLM-775628332-zinus-molly-smart-adjustable-escritorio-de-pie-estacion-de-_JM','http://mlm-s1-p.mlstatic.com/859181-MLM41792583972_052020-I.jpg','false','me1','417SCCAMLM10574','2020/11/20 10:58:53.524'
